{
    "loss": 10.16845703125,
    "accuracy": 0.47161665558815
}